AssignmentId,Answer.box1.on,Answer.box10.on,Answer.box11.on,Answer.box12.on,Answer.box2.on,Answer.box3.on,Answer.box4.on,Answer.box5.on,Answer.box6.on,Answer.box7.on,Answer.box8.on,Answer.box9.on,Answer.sentence1,Answer.sentence2,Answer.sentence3,Answer.sentence4,Answer.sentence5
308Q0PEVBJY81PZZ3MOGDH03FJU9IW,TRUE,FALSE,TRUE,TRUE,FALSE,FALSE,FALSE,FALSE,TRUE,TRUE,TRUE,FALSE,The tub leaked water.,It annoys me that Fido barks.,I'll work on it if I can.,An evil thought struck Dave.,John lay the ball in the box.
30LB5CDZNNVC0L0W3UT9K12098E0ZH,TRUE,FALSE,TRUE,TRUE,FALSE,FALSE,FALSE,FALSE,TRUE,TRUE,TRUE,FALSE,The tub leaked water.,It annoys me that Fido barks.,I'll work on it if I can.,An evil thought struck Dave.,John lay the ball in the box.
30OG32W0S5WHAM178DHUA3XVSF2NEY,FALSE,FALSE,FALSE,FALSE,FALSE,FALSE,FALSE,FALSE,FALSE,FALSE,FALSE,FALSE,The tube leaked water,It annoys me that fido barks,I'll work on it if I can.,An evil thought struck Dave.,John lay the ball in the box.
317HQ483IIDTQR3T4W7LVIVNL9RINN,TRUE,FALSE,TRUE,TRUE,FALSE,FALSE,FALSE,FALSE,TRUE,TRUE,TRUE,FALSE,The tub leaked water.,It annoys me that Fido barks.,I'll work on it if I can.,An evil thought struck Dave.,John lay the ball in the box.
317HQ483IIDTQR3T4W7LVIVNLO6NI1,TRUE,FALSE,TRUE,TRUE,FALSE,FALSE,FALSE,FALSE,TRUE,TRUE,TRUE,FALSE,The tub leaked water.,It annoys me that Fido barks.,I'll work on it if I can.,An evil thought struck Dave.,John lay the ball in the box.
3180JW2OTFXLVDHTIEWZD2A17715JP,TRUE,FALSE,TRUE,TRUE,FALSE,FALSE,FALSE,FALSE,TRUE,TRUE,TRUE,FALSE,The tub leaked water.,It annoys me that Fido barks.,I'll work on it if I can.,An evil thought struck Dave.,John lay the ball in the box.
31HQ4X3T33VSW534XVLKMSXLPX1SL1,TRUE,FALSE,TRUE,TRUE,FALSE,FALSE,FALSE,FALSE,TRUE,TRUE,TRUE,FALSE,The tub leaked water.,It annoys me that Fido barks.,I'll work on it if I can.,An evil thought struck Dave.,John lay the ball in the box.
31IBVUNM93KMO5AC5FNR22C8RMIFVV,TRUE,FALSE,TRUE,TRUE,FALSE,FALSE,FALSE,FALSE,TRUE,TRUE,TRUE,FALSE,The tub leaked water.,It annoys me that Fido barks.,I'll work on it if I can.,An evil thought struck Dave.,John lay the ball in the box.
320DUZ38GI7JBA6DZAFQHZ1QXCKGJF,TRUE,FALSE,TRUE,TRUE,FALSE,FALSE,FALSE,FALSE,TRUE,TRUE,TRUE,FALSE,The tub leaked water.,It annoys me that Fido  barks.,I'll work on it if I can.,An evil thought struck Dave.,John lay the ball in the box.
32M8BPYGA47NGZM7HSUQ5YMQK4XIGL,TRUE,FALSE,TRUE,TRUE,FALSE,FALSE,FALSE,FALSE,TRUE,FALSE,FALSE,FALSE,The tube leaked water.,It annoys me that Fido barks.,I'll work on it if I can.,An evil thought struck Dave.,John lay the ball in the box.
32N49TQG3R3RSET4UZ1ZO11HT34VAQ,TRUE,FALSE,TRUE,TRUE,FALSE,FALSE,FALSE,FALSE,TRUE,TRUE,TRUE,FALSE,The tub leaked water.,It annoys me that Fido barks.,I'll work on it if I can.,An evil thought struck Dave.,John lay the ball in the box.
32SVAV9L3QU7G5RLAPVT569Y3KP3AI,TRUE,TRUE,FALSE,FALSE,FALSE,TRUE,FALSE,TRUE,FALSE,TRUE,FALSE,TRUE,The tub leaked water,It annoys me that fido barks,I ll work on it I can,An evil thought sturck Dave,John iay the ball in the box
32ZKVD547Q8CZFWDG3VP0HT4L7QB3B,TRUE,FALSE,TRUE,TRUE,FALSE,FALSE,FALSE,FALSE,TRUE,TRUE,TRUE,FALSE,The tub leaked water,It annoys me that Fido barks.,I'll work on it if I can.,An evil thought struck Dave.,John lay the ball in the box.
337RC3OW0GN8OXK8RQQPXFHSOSXVLT,TRUE,FALSE,TRUE,TRUE,FALSE,FALSE,FALSE,FALSE,TRUE,TRUE,TRUE,FALSE,The tub leaked water.,It annoys me that Fido barks.,I'll work on it if I can.,An evil thought struck Dave.,John lay the ball in the box.
339ANSOTRGNSILIQ7JF53QEJRTQKII,TRUE,FALSE,TRUE,TRUE,FALSE,FALSE,FALSE,FALSE,TRUE,TRUE,TRUE,FALSE,The tub leaked water.,It annoys me that Fido barks.,I'll work on it if I can.,An evil thought struck Dave.,John lay the ball in the box.
33CID5710FEOCOIP7GKJEKP9XWML3G,TRUE,FALSE,TRUE,TRUE,FALSE,FALSE,FALSE,FALSE,TRUE,TRUE,TRUE,FALSE,The tub leaked water.,It annoys me that Fido barks.,I'll work on it if I can.,An evil thought struck Dave.,John lay the ball in the box.
33FBRBDW6ZKHAHUP6KMG2I7XJG38CW,TRUE,FALSE,TRUE,FALSE,FALSE,FALSE,FALSE,FALSE,TRUE,TRUE,TRUE,FALSE,The tub leaked water.,It annoys me that Fido barks.,I'll work on it if I can.,An evil thought struck Dave.,John Lay the ball in the box.
33ISQZVXP07JMKK2NW2L443G9BPCCF,FALSE,FALSE,FALSE,TRUE,FALSE,FALSE,FALSE,FALSE,TRUE,TRUE,FALSE,FALSE,The tub leaked water.,It annoys me that Fido barks.,I'll work on it if I can.,An evil thought struck Dave.,John lay the ball in the box.
33IZTU6J8CMNWZKTBEO8XMS8WLLXSW,TRUE,FALSE,TRUE,TRUE,FALSE,FALSE,FALSE,FALSE,TRUE,TRUE,TRUE,FALSE,The tub leaked water.,It annoys me that Fido barks.,I'll work on it if I can.,An evil thought struck Dave.,John lay the ball in the box.
33JKGHPFYNFFMATKPB5DNB242I6MN2,TRUE,FALSE,TRUE,TRUE,FALSE,FALSE,TRUE,FALSE,FALSE,TRUE,TRUE,FALSE,The tub leaked water.,It annoys me that Fido barks.,Ill work on it if I can.,An evil thought struk Dave.,John lay the ball in the box.
33JKGHPFYNFFMATKPB5DNB242KNNMO,TRUE,FALSE,TRUE,TRUE,FALSE,FALSE,FALSE,FALSE,TRUE,TRUE,TRUE,FALSE,The tub leaked water.,It annoys me that Fido barks.,I'll work on it if I can.,An evil thought struck Dave.,John lay the ball in the box.
33L7PJKHCRJYWYW0S6H6RS717CHT8Y,TRUE,FALSE,TRUE,TRUE,FALSE,FALSE,FALSE,FALSE,TRUE,TRUE,TRUE,FALSE,The tub leaked water.,It annoys me that Fido barks.,I will work on it if I can.,An evil thought struck Dave.,John lay the ball in the box.
33OOO72IVS6081MD9IXBTE3KXNUTC0,TRUE,FALSE,TRUE,TRUE,FALSE,FALSE,FALSE,FALSE,TRUE,TRUE,TRUE,FALSE,The tub leaked water.,It annoys me that Fido barks.,I'll work on it if I can.,An evil thought struck Dave.,John lay the ball in the box.
3483FV8BEP4H8LJZGC0C6R2K1QI265,TRUE,FALSE,TRUE,TRUE,FALSE,FALSE,FALSE,FALSE,TRUE,TRUE,FALSE,FALSE,The tub leaked water.,It annoys me that Fido barks.,I'll work on it if I can.,An evil thought struck Dave.,John lay the ball in the box.
34FNN24DCXUBQ2CS4EX2NPPPK7DY57,TRUE,FALSE,TRUE,TRUE,FALSE,FALSE,FALSE,FALSE,TRUE,TRUE,TRUE,FALSE,The tub leaker water.,It annoys me that Fido barks.,I'll work on it if I can.,An evil thought struck Dave.,John lay the ball in the box.
34MAJL3QPF8SEGB41OL2S3NYBI8342,TRUE,FALSE,TRUE,TRUE,FALSE,FALSE,FALSE,FALSE,TRUE,TRUE,TRUE,FALSE,The tub leaked water.,It annoys me that Fido barks.,I'll work on it if I can.,An evil thought struck Dave.,John lay the ball in the box.
34T446B1CBZZSSPMBG91931F0BCC0K,TRUE,FALSE,TRUE,TRUE,FALSE,FALSE,FALSE,FALSE,TRUE,TRUE,TRUE,FALSE,The tub leaked water,It annoys me that Fido barks,I'll work on it if I can,An evil thought struck Dave.,John lay the ball in the box
34X6J5FLP4JAOZ0R26K2BD5S34NQJO,TRUE,FALSE,TRUE,TRUE,FALSE,FALSE,FALSE,FALSE,FALSE,TRUE,FALSE,FALSE,The tub leaked water.,It annoys me that Fido barks.,I'll work on it if I can.,An evil thought struck Dave.,John lay the ball in the box.
34X6J5FLP4JAOZ0R26K2BD5S3ZBQJ2,TRUE,FALSE,TRUE,TRUE,FALSE,FALSE,FALSE,FALSE,TRUE,TRUE,FALSE,FALSE,The tub leaked water.,It annoys me that Fido barks.,I'll work on it if I can.,An evil thought struck Dave.,John lay the ball in the box.
3570Y55XZ0496Z1CLAGTRMGE9FKYGF,TRUE,FALSE,TRUE,TRUE,FALSE,FALSE,FALSE,FALSE,TRUE,TRUE,TRUE,FALSE,The tub leaked water,It annoys me that Fido barks,I'll work on it if I can,An evil thought struck Dave,John lay the ball in the box
3570Y55XZ0496Z1CLAGTRMGEAKAYGG,TRUE,FALSE,TRUE,TRUE,FALSE,FALSE,FALSE,FALSE,TRUE,TRUE,TRUE,FALSE,The tub leaked water.,It annoys me that Fido barks.,I'll work on it if I can.,An evil thought struck Dave.,John lay the ball in the box.
358UUM7WRAOHG5EPECK5DDAO8Y0R70,TRUE,FALSE,TRUE,TRUE,FALSE,FALSE,FALSE,FALSE,TRUE,TRUE,TRUE,FALSE,The tub leaked water.,It annoys me that Fido barks.,I'll work on it if I can.,An evil thought struck Dave.,John lay the ball in the box.
35GMH2SV3P2ZS71J9SH7PSX0IPFOEM,TRUE,FALSE,TRUE,TRUE,FALSE,FALSE,FALSE,FALSE,TRUE,TRUE,TRUE,FALSE,The tub leaked water.,It annoys me that Fido barks.,I'll work on it if I can.,An evil thought struck Dave.,John lay the ball in the box.
3634BBTX0ZFH2ZQC68O8NDMEJXXFIZ,TRUE,FALSE,TRUE,TRUE,FALSE,FALSE,FALSE,FALSE,TRUE,TRUE,TRUE,FALSE,The tub leaked water.,It annoys me that Fido barks.,I'll work on it if I can.,An evil thought struck Dave.,John lay the ball in the box.
36DSNE9QZGJ73NNBNTSYM8ASNX1OJX,TRUE,FALSE,FALSE,TRUE,FALSE,FALSE,FALSE,FALSE,TRUE,FALSE,FALSE,FALSE,The tub leaked water.,It annoys me that Fido barks.,I'll work on it if I can.,An evil thought struck Dave.,John lay the ball in the box.
36NEMU28XQY5942YHCW0JUFVUTWWMM,TRUE,FALSE,TRUE,TRUE,FALSE,FALSE,FALSE,FALSE,TRUE,TRUE,TRUE,FALSE,The tub leaked water.,It annoys me that Fido barks.,I'll work on it if I can.,An evil thought struck Dave.,John lay the ball in the box.
374TNBHA8MG0JOVQO6L5L0KGF21QYA,TRUE,FALSE,TRUE,TRUE,FALSE,FALSE,FALSE,FALSE,TRUE,TRUE,FALSE,FALSE,The tub leaked water.,It annoys me that Fido barks.,I'll work on it if I can.,An evil thought struck Dave.,John lay the ball in the box.
378XPAWRUNYM6894VS2G9CBNL1KAIK,TRUE,FALSE,TRUE,TRUE,FALSE,FALSE,FALSE,FALSE,TRUE,TRUE,TRUE,FALSE,The tub leaked water.,It annoys me that Fido barks.,I'll work on it if I can.,An evil thought struck Dave.,John lay the ball in the box.
379J5II41Z1RMMYMW01FXBT6NK1ELM,TRUE,FALSE,TRUE,TRUE,FALSE,FALSE,FALSE,FALSE,TRUE,TRUE,TRUE,FALSE,The tub leaked water.,It annoys me that Fido barks.,I'll work on it if I can.,An evil thought struck Dave.,John lay the ball in the box.
37C0GNLMHQO4BVHFD1KT2ATOYL76DQ,TRUE,FALSE,TRUE,TRUE,FALSE,FALSE,FALSE,FALSE,TRUE,TRUE,TRUE,FALSE,The tub leaked water.,It annoys me that Fido barks.,I'll work on it if I can.,An evil thought struck Dave.,John lay the ball in the box.
37FMASSAYNCRPIEW162C4NVT3JXBI8,TRUE,FALSE,TRUE,TRUE,FALSE,FALSE,FALSE,FALSE,TRUE,TRUE,TRUE,FALSE,The tub leaked water.,It annoys me that Fido barks.,I'll work on it if I can.,An evil thought struck Dave.,John lay the ball in the box.
37U1UTWH967LGJJ8OHCBRD6JI9VR8T,TRUE,FALSE,TRUE,TRUE,FALSE,FALSE,FALSE,FALSE,TRUE,TRUE,TRUE,FALSE,The tub leaked water.,It annoys me that Fido barks.,I'll work on it if I can.,An evil thought struck Dave.,John lay the ball in the box.
37U1UTWH967LGJJ8OHCBRD6JJAL8R3,TRUE,FALSE,TRUE,TRUE,FALSE,FALSE,FALSE,FALSE,TRUE,FALSE,TRUE,FALSE,The tub leaked water.,It annoys me that Fido barks.,I'll work on it if I can.,An evil thought struck Dave.,John lay the ball in the box.
37UEWGM5H4T35JZNPW3WC3JB54XR1K,TRUE,FALSE,TRUE,FALSE,FALSE,TRUE,FALSE,TRUE,FALSE,TRUE,FALSE,FALSE,the water leaked tub.,it that me annoys fido barks.,if i can will work on it.,an stuck thoght evil dave.,john  ball lay in the bax.
37UEWGM5H4T35JZNPW3WC3JB5D01RF,TRUE,FALSE,TRUE,TRUE,FALSE,FALSE,FALSE,FALSE,TRUE,TRUE,TRUE,FALSE,The tub leaked water,It annoys me that Fido barks.,I'll work on it if I can.,An evil thought struck Dave.,John lay the ball in the box.
37UEWGM5H4T35JZNPW3WC3JB5D1R16,TRUE,FALSE,TRUE,TRUE,FALSE,FALSE,FALSE,FALSE,TRUE,TRUE,TRUE,FALSE,The tub leaked water.,It annoys me that Fido barks.,I'll work on it if I can.,An evil thought struck Dave.,John lay the ball in the box.
37W3JXSD6HT53LRC0FKBDP2244JYWQ,TRUE,FALSE,TRUE,TRUE,FALSE,FALSE,FALSE,FALSE,TRUE,TRUE,TRUE,FALSE,The tube leaked water.,It annoys me that Fido barks.,I'll work on it if I can.,An evil thought stuck Dave.,John lay the ball in the box.
38F5OAUN5YX4RB0MI78BZ98ILJE7HJ,TRUE,FALSE,TRUE,TRUE,FALSE,FALSE,FALSE,FALSE,TRUE,TRUE,TRUE,FALSE,The tub leaked water.,It annoys me that Fido barks.,I'll work on it if I can.,An evil thought struck Dave.,John lay the ball in the box.
38JBBYETQZVVOER1Q82YBURV22SE4O,TRUE,FALSE,TRUE,TRUE,FALSE,FALSE,FALSE,FALSE,TRUE,TRUE,TRUE,FALSE,The tub leaked water.,It annoys me that Fido barks.,I'll work on it if I can.,An evil thought struck Dave.,John laid the ball in the box.
38SKSKU7RCI32R08SJR6IQRYGE5LI2,TRUE,FALSE,TRUE,TRUE,FALSE,FALSE,FALSE,FALSE,TRUE,TRUE,TRUE,FALSE,The tub leaked water.,It annoys me that Fido barks.,"I'll work on it if I can,",An evil thought struck Dave.,John lay the ball in the box.
39ASUFLU68SMMGFBAJ4385OTVU2XEL,TRUE,FALSE,TRUE,TRUE,FALSE,FALSE,FALSE,FALSE,TRUE,TRUE,TRUE,FALSE,The tub leaked water.,It annoys me that Fido barks.,I’ll work on it if I can.,An evil thought struck Dave.,John lay the ball in the box.
39LNWE0K45H6LHN21XJ79DNHT6VUI4,TRUE,FALSE,TRUE,TRUE,FALSE,FALSE,FALSE,FALSE,TRUE,TRUE,TRUE,FALSE,The tub leaked water.,It annoys me that Fido barks.,I'll work on it if I can.,An evil thought struck Dave.,John lay the ball in the box.
39O5D9O874DV9KOJU3RKB1ZM3N9C3S,FALSE,FALSE,TRUE,FALSE,TRUE,FALSE,FALSE,FALSE,TRUE,FALSE,TRUE,TRUE,the water leaked tub.,it that me annoys fido barks,if i can will work on it.,an stuck thoght evil dave.,john  ball lay in the bax.
3A0EX8ZRNJ9DFIT15OOFQBPHU31BYN,TRUE,FALSE,TRUE,TRUE,FALSE,FALSE,FALSE,FALSE,TRUE,TRUE,TRUE,FALSE,The tub leaked water.,It annoys me that Fido barks.,I'll work on it if I can.,An evil thought struck Dave.,John lay the ball in the box.
3A7Y0R2P2Z9UXW13OKFU5L1LZ17JXY,TRUE,FALSE,TRUE,TRUE,FALSE,FALSE,FALSE,FALSE,TRUE,TRUE,TRUE,FALSE,The tub leaked water.,It annoys me that Fido barks.,I'll work on it if I can.,An evil thought struck Dave.,John lay the ball in the box.
3AAJC4I4FRDJ2R1IP23F26HW82GJZ9,TRUE,FALSE,TRUE,TRUE,FALSE,FALSE,FALSE,FALSE,TRUE,TRUE,TRUE,FALSE,The tub leaked water.,It annoys me that Fido barks.,I'll work on it if I can.,An evil thought struck Dave.,John lay the ball in the box.
3AMYWKA6YM7VFS843AY9D45N2SBO6O,TRUE,FALSE,TRUE,TRUE,FALSE,FALSE,FALSE,FALSE,TRUE,TRUE,TRUE,FALSE,The tub leaked water.,It annoys me that Fido barks.,I'll work on it if I can.,An evil thought struck Dave.,John lay the ball in the box.
3ATTHHXXWL9Y2LHX62UUTKMLMMIXI0,TRUE,FALSE,TRUE,TRUE,FALSE,FALSE,FALSE,FALSE,TRUE,TRUE,TRUE,FALSE,The tub leaked water.,It annoys me that Fido barks.,I'll work on it if I can.,An evil thought struck Dave.,John laid the balll in the box.
3AZHRG4CUF5BFST3INY0G0XLUZB30R,TRUE,FALSE,TRUE,TRUE,FALSE,FALSE,FALSE,FALSE,FALSE,FALSE,TRUE,FALSE,The tub leaked water.,It annoys me that Fido barks.,I'll work on it if I can.,An evil thought struck Dave.,John lay the ball in the box.
3B1NLC6UGAHFXL9BUNKAEVN25AGGP2,TRUE,FALSE,TRUE,TRUE,FALSE,FALSE,FALSE,FALSE,TRUE,TRUE,TRUE,FALSE,The tub leaked water.,It annoys me that Fido barks.,"I'll work on it if I can,",An evil thought struck Dave.,John lay the ball in the box.
3B1NLC6UGAHFXL9BUNKAEVN25APGPB,TRUE,FALSE,TRUE,TRUE,FALSE,FALSE,FALSE,FALSE,TRUE,TRUE,FALSE,FALSE,The tub leaked water.,It annoys me that Fido barks.,I'll work on it if I can.,An evil thought struck Dave.,John lay the ball in the box.
3B1NLC6UGAHFXL9BUNKAEVN26DVPGX,TRUE,FALSE,TRUE,TRUE,FALSE,FALSE,FALSE,FALSE,TRUE,TRUE,FALSE,FALSE,The tub leaked water.,It annoys me that Fido barks.,I'll work on it if I can.,An evil thought struck Dave.,John lay the ball on the box.
3B2X28YI370BWYJVZ5TN7K5OVUM6BY,TRUE,FALSE,TRUE,TRUE,FALSE,FALSE,FALSE,FALSE,TRUE,TRUE,TRUE,FALSE,The tube leaked water.,It annoys me that Fido barks.,I'll work on if i can.,An evil thought struck Dave.,John lay the ball in the box.
3BC8WZX3VEHRYOY4NQIBIU1O999RRC,TRUE,FALSE,TRUE,TRUE,FALSE,FALSE,FALSE,FALSE,TRUE,TRUE,TRUE,FALSE,The tub leaked water.,It annoys me that Fido barks.,I'll work on it if I can.,An evil thought struck Dave.,John lay the ball in the box.
3BEFOD78WHET02JE76QHO2W4A0X4M8,TRUE,FALSE,TRUE,TRUE,FALSE,FALSE,FALSE,FALSE,TRUE,TRUE,TRUE,FALSE,The tub leaked water.,It annoys me that Fido barks.,I'll work on it if I can.,An evil thought struck Dave.,John lay the ball in the box
3C2NJ6JBKL2PF6PRFTMT82O6WQT2NL,TRUE,FALSE,TRUE,TRUE,FALSE,FALSE,FALSE,FALSE,TRUE,TRUE,TRUE,FALSE,The tub leaked water.,It annoys me that Fido barks.,I'll work on it if I can.,An evil thought struck Dave.,John lay the ball in the box.
3C6FJU71T1ESBH275F5AV1H5J1BYUK,TRUE,FALSE,TRUE,TRUE,FALSE,FALSE,FALSE,FALSE,TRUE,TRUE,TRUE,FALSE,The tub leaked water.,It annoys me that Fido barks.,I'll work on it if I can.,An evil thought struck Dave.,John lay the ball in the box.
3CCZ6YKWRI4WP14KW25MO8WYBYC599,TRUE,FALSE,TRUE,TRUE,FALSE,FALSE,FALSE,FALSE,TRUE,TRUE,TRUE,FALSE,The tub leaked water.,It annoys me that Fido barks.,I'll work on it if I can.,An evil thought struck Dave.,John lay rhe ball in the box.
3D3VGR7TAB0ZFMD2C0HF0WY83YD3RA,TRUE,FALSE,TRUE,TRUE,FALSE,FALSE,FALSE,FALSE,TRUE,TRUE,TRUE,FALSE,The tub leaked water.,It annoys me that Fido barks.,I'll work on it if I can.,An evil thought struck Dave.,John lay the ball in the box.
3DPNQGW4LW0RBZYMKQJ0Z6ZILG546I,TRUE,FALSE,TRUE,TRUE,FALSE,FALSE,FALSE,FALSE,TRUE,TRUE,TRUE,FALSE,The tub leaked water.,It annoys me that Fido barks.,I'll work on it if I can.,An evil thought struck Dave.,John lay the ball in the box.
3DQQ64TANR6BU7ZB9SOS0Y9Q0ZEPWL,TRUE,FALSE,TRUE,TRUE,FALSE,FALSE,FALSE,FALSE,TRUE,TRUE,TRUE,FALSE,The tub leaked water.,It annoys me that Fido barks.,"I'll work on it, if I can.",An evil thought struck Dave.,John lay the ball in the box.
3DY4FPOOAC9JRVFLWANLJRQRUA1RVA,TRUE,FALSE,TRUE,TRUE,FALSE,FALSE,FALSE,FALSE,TRUE,TRUE,FALSE,FALSE,The tub leaked water.,It annoys me that Fido barks.,I'll work on it if I can.,An evil thought struck Dave.,John lay the ball in the box.
3DYGAII7PWT6AA3PXJPM89R4BXPPQ6,TRUE,FALSE,TRUE,TRUE,FALSE,FALSE,FALSE,FALSE,TRUE,TRUE,TRUE,FALSE,The tube leaked water.,It annoys me that Fido barks.,I'll work on it if I can.,An evil thought struck Dave.,John lay the ball in the box.
3E47SOBEY1HAZN62F6Y7F71BM59CIV,TRUE,FALSE,TRUE,TRUE,FALSE,FALSE,FALSE,FALSE,TRUE,TRUE,TRUE,FALSE,The tub leaked water.,It annoys me that Fido barks.,I'll work on it if I can.,An evil thought struck Dave.,John lay the ball in the box.
3E7TUJ2EGN7RTEJDB8N5MKKQOLE9D1,TRUE,FALSE,TRUE,TRUE,FALSE,FALSE,FALSE,FALSE,TRUE,TRUE,TRUE,FALSE,The tub leaked water.,It annoys me that Fido barks.,I'll work on it if I can.,An evil thought struck Dave.,John lay the ball in the box.
3EF8EXOTTCGM7VGAHRUNACXKV1JJ1S,TRUE,FALSE,TRUE,TRUE,FALSE,FALSE,FALSE,FALSE,FALSE,FALSE,FALSE,FALSE,The tub leaked water.,It annoys me that Fido barks.,I'll work on it if I can.,An evil thought struck Dave.,John lay the ball in the box.
3EF8EXOTTCGM7VGAHRUNACXKVNX1JW,TRUE,FALSE,TRUE,TRUE,FALSE,FALSE,FALSE,FALSE,TRUE,TRUE,FALSE,FALSE,The tub leaked water.,It annoys me that Fido barks.,I'll work on it if I can.,An evil thought struck Dave.,John lay the ball in the box.
3EJPLAJKEX17EWMB5J9QT2CRMCS6ZI,TRUE,FALSE,TRUE,TRUE,FALSE,FALSE,FALSE,FALSE,TRUE,TRUE,TRUE,FALSE,/the tu leaked water.,It annoys me that Fido barks.,I'll work on it if I can.,An evil thought struck Dave.,John lay the ball in the box.
3ERMJ6L4D9DQJP1X94OOREGE12MM79,TRUE,FALSE,TRUE,TRUE,FALSE,FALSE,FALSE,FALSE,TRUE,TRUE,TRUE,FALSE,The tub leaked water.,It annoys m that Fido barks.,I'll work on it if I can.,An evil thought struck Dave.,John lay the ball in the box.
3F0BG9B9M08QD6QBS7CZL93LACC7YW,TRUE,FALSE,TRUE,TRUE,FALSE,FALSE,FALSE,FALSE,TRUE,TRUE,TRUE,FALSE,The tub leaked water.,It annoys me that Fido barks.,I'll work on it if I can.,An evil thought struck Dave.,John lay the ball in the box.
3F1567XTN7QLINNIGUTPMJRP6T7Q9C,TRUE,FALSE,TRUE,TRUE,FALSE,FALSE,FALSE,FALSE,TRUE,TRUE,TRUE,FALSE,The tub leaked water.,It annoys me that Fido barks.,I'll work on it if I can.,An evil thought struck Dave.,John lay the ball in the box.
3FIJLY1B65P9JLDGJ3ESWANQ4VHPFD,TRUE,FALSE,TRUE,TRUE,FALSE,FALSE,FALSE,FALSE,TRUE,TRUE,TRUE,FALSE,The tub leaked water.,It annoys me that Fido barks.,I'll work on it if I can.,An evil thought struck Dave.,John lay the ball in the box.
3FIJLY1B65P9JLDGJ3ESWANQ5WRFPG,TRUE,FALSE,TRUE,TRUE,FALSE,FALSE,FALSE,FALSE,TRUE,TRUE,TRUE,FALSE,The tube leaked water.,It annoys me that Fido barks.,I'll work on it if I can.,An evil thought struck Dave.,John lay the ball in the box.
3FTF2T8WL23Q2KJ4S3SVE89BUUTW9R,TRUE,FALSE,TRUE,TRUE,FALSE,FALSE,FALSE,FALSE,TRUE,TRUE,TRUE,FALSE,The tub leaked water.,It annoys me that Fido barks.,I'll work on it if I can.,An evil thought struck Dave.,John lay the ball in the box.
3FUI0JHJP8J7WKS01AGJIYVSW9Q33C,TRUE,FALSE,TRUE,TRUE,FALSE,FALSE,FALSE,FALSE,TRUE,TRUE,TRUE,FALSE,The tub leaked water.,It annoys me that Fido barks.,I'll work on it if I can.,An evil thought struck Dave.,John lay the ball in the box.
3G0WWMR1U6567PRCH4CU4KM9BIQQND,TRUE,FALSE,TRUE,TRUE,FALSE,FALSE,FALSE,FALSE,TRUE,TRUE,TRUE,FALSE,The tub leaked water.,It annoys me that Fido barks.,I'll work on it is I can.,An evil thought struck Dave.,John lay the ball in the box.
3GDTJDAPV5WUJ36GJ9GU5EC9CMSM8W,TRUE,FALSE,TRUE,TRUE,FALSE,FALSE,FALSE,FALSE,TRUE,TRUE,FALSE,FALSE,The tub leaked water.,It annoys me that Fido barks.,I'll work on it if I can.,An evil thought struck Dave.,John lay the ball in the box.
3GNA64GUZPP2H0L6D4G8A3MNKXQ5Q2,TRUE,FALSE,TRUE,TRUE,FALSE,FALSE,FALSE,FALSE,TRUE,TRUE,TRUE,FALSE,The tub leaked water.,It annoys me that Fido barks.,I'll work on it if I can.,An evil thought struck Dave.,John lay the ball in the box.
3GU1KF0O4TMJ6410E1SWDKW5Q0DBPC,TRUE,FALSE,TRUE,TRUE,FALSE,FALSE,FALSE,FALSE,TRUE,TRUE,TRUE,FALSE,The tub leaked water.,It annoys me that Fido barks.,I'll work on it if I can.,An evil thought struck Dave.,John lay the ball in the box.
3GU1KF0O4TMJ6410E1SWDKW5QY1BPW,FALSE,FALSE,TRUE,FALSE,FALSE,TRUE,TRUE,TRUE,FALSE,TRUE,FALSE,FALSE,the water leaked tub.,it that me annoys fido barks,if i can will work on it.,an stuck thoght evil dave.,john  ball lay in the bax.
3H7Z272LXISVJDNC5EHQRNSA2S7PLP,TRUE,FALSE,TRUE,TRUE,FALSE,FALSE,FALSE,FALSE,TRUE,TRUE,TRUE,FALSE,The tub leaked water.,It annoys me that Fido barks.,I'll work on it if I can.,An evil thought struck Dave.,John lay the ball in the box.
3HHRAGRYXJQIXBA21H1LXEWPS85O9F,TRUE,FALSE,TRUE,TRUE,FALSE,FALSE,FALSE,FALSE,TRUE,TRUE,TRUE,FALSE,The tub leaked water.,It annoys me that Fibo barks.,I'll work in it if I can.,An evil thought struck Dave.,John lay the ball in the box.
3HHRAGRYXJQIXBA21H1LXEWPSV59OA,TRUE,FALSE,TRUE,TRUE,FALSE,FALSE,FALSE,FALSE,TRUE,TRUE,FALSE,FALSE,The tub leaked water.,It annoys me that Fido barks.,I'll work on it if I can.,An evil thought struck Dave.,John lay the ball in the box.
3HMVI3QICUDC2KB93RVQKZC87Q11YI,TRUE,FALSE,TRUE,TRUE,FALSE,FALSE,FALSE,FALSE,TRUE,TRUE,TRUE,FALSE,The tub leaked water.,It annoys me that Fido barks.,I'll work on it if I can.,An evil thought struck Dave.,John lay the ball in the box.
3HQUKB7LNQZ1K06YVGUNQMXCZL5HHO,TRUE,FALSE,TRUE,TRUE,FALSE,FALSE,FALSE,FALSE,TRUE,TRUE,TRUE,FALSE,The tub leaked water.,It annoys me that Fido barks.,I'll work on it if I can.,An evil thought struck Dave.,John lay the ball in the box.
3HUTX6F6V587XRP3G8M6NROBMP22OI,TRUE,FALSE,TRUE,TRUE,FALSE,FALSE,FALSE,FALSE,TRUE,TRUE,FALSE,FALSE,The tub leaked water.,It annoys me that Fido barks.,I'll work on it if I can.,An evil thought struck Dave.,John lay the ball in the box.
3HYA4D45224DRECAH53G0XFXUM5F2Z,TRUE,FALSE,FALSE,FALSE,TRUE,FALSE,FALSE,FALSE,FALSE,TRUE,TRUE,FALSE,The tub leaked water.,It annoys me that fido barks.,I'll work it if l can.,An evil thought struck Dave.,John lay the ball in the box.
3I0BTBYZA86CVVQR78RQ6UTY30V0YJ,TRUE,FALSE,TRUE,TRUE,FALSE,FALSE,FALSE,FALSE,TRUE,TRUE,TRUE,FALSE,The tub leaked water.,It annoys me that Fido barks.,I'll work on it if I can.,An evil thought struck Dave.,John lay the ball in the box.
3I0BTBYZA86CVVQR78RQ6UTY3Z70YT,TRUE,FALSE,TRUE,TRUE,FALSE,FALSE,FALSE,FALSE,TRUE,TRUE,TRUE,FALSE,The tub leaked water.,It annoys me that Fido barks.,I'll work on it if I can.,An thought struck Dave.,John lay the ball in the box.
3I33IC7ZWQNIVNV26PHOMW46X7RA2I,TRUE,FALSE,TRUE,TRUE,FALSE,FALSE,FALSE,FALSE,TRUE,TRUE,TRUE,FALSE,The tub leaked water.,It annoys me that Fido barks.,I'll work on it if I can.,An evil thought struck Dave.,John lay the ball in the box.
3I33IC7ZWQNIVNV26PHOMW46XLWA2F,TRUE,FALSE,TRUE,TRUE,FALSE,FALSE,FALSE,FALSE,TRUE,TRUE,FALSE,FALSE,The tub leaked water,It annoys me that Fido barks,I'll work on it if I can,An evil thought struck Dave,John law the ball in the box
3IAEQB9FMP525AWL4JXX04S1MJ0DWQ,TRUE,FALSE,TRUE,TRUE,FALSE,FALSE,FALSE,FALSE,TRUE,TRUE,FALSE,FALSE,The tub leaked water.,It annoys me that Fido barks.,I'll work on it if I can.,An evil through struck Dave.,John lay the ball in the box.
3IJXV6UZ184E5PVLX3O2420XM68RIC,TRUE,FALSE,FALSE,FALSE,FALSE,FALSE,TRUE,FALSE,FALSE,FALSE,TRUE,TRUE,the water leaked tub.,it that me annoys fido barks,if i can will work on it.,an stuck thoght evil dave.,john  ball lay in the bax.
3IUZPWIU1ZSAJG2VW0JK4HNR5O1WKH,TRUE,FALSE,TRUE,TRUE,FALSE,FALSE,FALSE,FALSE,TRUE,TRUE,TRUE,FALSE,The tub leaked water.,It annoys me that Fido barks.,I'll work on it if I can.,An evil thought struck Dave.,John lay the ball in the box.
3J4Q2Z4UT9OWUJ0Q953H03Z050TQWG,TRUE,FALSE,TRUE,TRUE,FALSE,FALSE,FALSE,FALSE,TRUE,TRUE,TRUE,FALSE,The tub leaked water.,It annoys me that Fido barks.,I'll work on it if I can.,An evil thought struck Dave.,John lay the ball in the box.
3JZQSN0I31V368KHGKO5219Y4AXGFG,TRUE,FALSE,TRUE,TRUE,FALSE,FALSE,FALSE,FALSE,TRUE,TRUE,TRUE,FALSE,The tub leaked water.,It annoys me that Fido barks.,I'll work on it if I can.,An evil thought struck Dave.,John lay the ball in the box.
3K5TEWLKG6W6YWC26NTC5ZP07CDIVO,TRUE,FALSE,TRUE,TRUE,FALSE,FALSE,FALSE,FALSE,TRUE,TRUE,TRUE,FALSE,The tub leaked water.,It annoys me that Fido barks.,I'll work on it if I can.,An evil thought struck Dave.,John lay the ball in the box.
3K5TEWLKG6W6YWC26NTC5ZP07COVIC,TRUE,FALSE,TRUE,TRUE,FALSE,FALSE,FALSE,FALSE,TRUE,TRUE,TRUE,FALSE,The tub leaked water.,It annoys me that Fido barks.,I'll work on it if I can.,An evil thought struck Dave.,Jay lay the ball in the box.
3K9FOBBF2S4VGSBZPZ4YNYNF2I2LNV,TRUE,FALSE,TRUE,TRUE,FALSE,FALSE,FALSE,FALSE,TRUE,TRUE,TRUE,FALSE,The tub leaked water.,It annoys me that Fido barks.,I'll work on it if i can.,An evil thought struck Dave.,John lay the ball in the box.
3KIBXJ1WDGF2E7TT5ESANNA52M1OKW,TRUE,FALSE,TRUE,TRUE,FALSE,FALSE,FALSE,FALSE,TRUE,TRUE,TRUE,FALSE,The tub leaked water.,It annoys me that Fido barks.,I'll work on it if I can.,An evil thought struck Dave.,John lay the ball in the box.
3KIBXJ1WDGF2E7TT5ESANNA53NMKOG,TRUE,FALSE,TRUE,TRUE,FALSE,FALSE,FALSE,FALSE,TRUE,TRUE,TRUE,FALSE,The tub leaked water.,It annoys me that Fido barks.,I'll work on it if I can.,An evil thought struck Dave.,John lay the ball in the box.
3KJYX6QCMKW2T7W8O5ECH040JQYVJ6,TRUE,FALSE,TRUE,TRUE,FALSE,FALSE,FALSE,FALSE,TRUE,TRUE,TRUE,FALSE,The tub leaked water.,It annoys me that Fido barks.,I'll work on it if I can.,An evil thought struck Dave.,John lay the ball in the box.
3KRVW3HTZY6C2NLPX7MZM5CAPRWSMM,TRUE,FALSE,TRUE,TRUE,FALSE,FALSE,FALSE,FALSE,TRUE,TRUE,TRUE,FALSE,The tub leaked water.,It annoys me that Fido barks.,I'll work on it if I can.,An evil thought struck Dave.,John lay the ball in the box.
3L0KT67Y8P1CW4A3GAAAG0ZHXQ1SYG,TRUE,FALSE,TRUE,FALSE,FALSE,FALSE,FALSE,FALSE,TRUE,TRUE,FALSE,FALSE,The tub leaked water.,It annoys me that Fido barks.,I'll work on it if I can.,An evil thought struck Dave.,John lay the ball in the box.
3L0KT67Y8P1CW4A3GAAAG0ZHXQESYT,TRUE,FALSE,TRUE,TRUE,FALSE,FALSE,FALSE,FALSE,TRUE,TRUE,TRUE,FALSE,The tub leaked water,It annoys me that Fido barks,I'll work on it if I can,An evil thought struck Dave,John lay the ball in the box
3L70J4KAZR75YXTI3E15IFVATW2AD8,TRUE,FALSE,TRUE,TRUE,FALSE,FALSE,FALSE,FALSE,TRUE,TRUE,TRUE,FALSE,The tub leaked water.,It annoys me that Fido barks.,I'll work on it if I can.,An evil thought struck Dave.,John lay the ball in the box.
3L70J4KAZR75YXTI3E15IFVAU23ADM,TRUE,FALSE,TRUE,TRUE,FALSE,FALSE,FALSE,FALSE,FALSE,TRUE,TRUE,FALSE,The tub leaked water.,It annoys me that Fido barks.,I'll work on it if i can.,An evil thought struck Dave.,John lay the ball in the box.
3L70J4KAZR75YXTI3E15IFVAUAGDAI,TRUE,FALSE,TRUE,TRUE,FALSE,FALSE,FALSE,FALSE,TRUE,TRUE,TRUE,FALSE,The tub leaked water.,It annoys me that Fido barks.,I'll work on it if I can.,Am evil thought struck Dave.,John lay the ball in the box.
3LBXNTKX02G5RKOU28OHGRNI4Y8X9Z,TRUE,FALSE,TRUE,TRUE,FALSE,FALSE,FALSE,FALSE,TRUE,TRUE,TRUE,FALSE,The tub leaked water.,It annoys me that Fido barks.,I'll work on it if I can.,An evil thought struck Dave.,John lay the ball in the box.
3LJ7UR74RSYZIK4EJ75H1HL4GR9N4W,TRUE,FALSE,TRUE,TRUE,FALSE,FALSE,FALSE,FALSE,TRUE,TRUE,FALSE,FALSE,The tub leaked water.,It annoys me that Fido barks.,I'll work on it if I can.,An evil thought struck Dave.,John lay the ball in the box.
3LO69W1SUEYP60UD2VR3XEEI124LG3,TRUE,FALSE,TRUE,TRUE,FALSE,FALSE,FALSE,FALSE,TRUE,FALSE,FALSE,FALSE,The tub leaked water.,It annoys me that Fido barks,I'll work on it if I can.,An evil thought struck Dave.,John lay the ball in the box.
3LPW2N6LK4NU9TSNUD0DK4JCNIV5U6,TRUE,FALSE,TRUE,TRUE,FALSE,FALSE,FALSE,FALSE,TRUE,TRUE,TRUE,FALSE,The tub leaked water.,It annoys me that Fido barks.,I'll work on it if I can.,An evil thought struck Dave.,John lay the ball in the box.
3LS2AMNW5QBOPAROIJC7J9ME1STOQO,TRUE,FALSE,TRUE,TRUE,FALSE,FALSE,FALSE,FALSE,TRUE,TRUE,TRUE,FALSE,The tub leaked water.,It annoys me that Fido barks.,I'll work on it if I can.,An evil thought struck Dave.,John lay the ball in the box.
3M0NZ3JDPCJBVSMX00ZL1WYRQGV5ZD,TRUE,FALSE,TRUE,TRUE,FALSE,FALSE,FALSE,FALSE,TRUE,TRUE,TRUE,FALSE,The tub leaked water.,It annoys me that Fido barks.,I'll work on it if I can.,An evil thought struck Dave.,John lay the ball in the box.
3M23Y66PODSADK0XARFIX9FOZHUS65,TRUE,FALSE,TRUE,TRUE,FALSE,FALSE,FALSE,FALSE,TRUE,TRUE,TRUE,FALSE,The tub leaked water.,It annoys me that Fido barks.,I'll work on it if I can.,An evil thought struck Dave.,John lay the ball in the box.
3M81GAB8AB446G2FEE7LDPMFUTDBQA,TRUE,FALSE,TRUE,TRUE,FALSE,FALSE,FALSE,FALSE,TRUE,TRUE,TRUE,FALSE,The tub leaked water.,It annoys me that Fido barks.,I'll work on it if I can.,An evil thought struck Dave.,John lay the ball in the box.
3MB8LZR5BQEU8MQWSMCIV66B8YVLKA,TRUE,FALSE,TRUE,TRUE,FALSE,FALSE,FALSE,FALSE,FALSE,TRUE,TRUE,FALSE,The tub leaked water,It annoys me that Fido barks,I'll work on it if I can,An evil thought struck Dave,John lay the ball in the box
3MD9PLUKKTZFLHS340V7VDYDHMHNZD,TRUE,FALSE,TRUE,TRUE,FALSE,FALSE,FALSE,FALSE,TRUE,TRUE,TRUE,FALSE,The tub leaked water,It annoys me that Fido barks,I'll work on it if I can.,An evil thought struck Dave.,John lay the ball in the box.
3N4BPTXIOJDXRCDQ104JMT2UK8DKUT,TRUE,FALSE,TRUE,TRUE,FALSE,FALSE,FALSE,FALSE,TRUE,TRUE,TRUE,FALSE,The tub leaked water.,It annoys me that Fido barks.,I'll work on it if I can.,An evil thought struck Dave.,John lay the ball in the box.
3NL0RFNU0Q8YAEJBMUD19P40LV5K4M,TRUE,FALSE,TRUE,TRUE,FALSE,FALSE,FALSE,FALSE,TRUE,TRUE,TRUE,FALSE,The tub leaked water.,It annoys me that Fido barks.,I'll work on it if I can.,An evil thought struck Dave.,John lay the ball in the box.
3NPFYT4IZNPK6UB2GEUR889579SXGA,TRUE,FALSE,TRUE,TRUE,FALSE,FALSE,FALSE,FALSE,TRUE,TRUE,FALSE,FALSE,The tube leaked water.,It annoys me that Fido barks.,I'll work on it if I can.,An evil thought struck Dave.,John lay the ball in the box.
3NQL1CS152TSOWR7A5FFRNJOXVZVYV,TRUE,FALSE,TRUE,TRUE,FALSE,FALSE,FALSE,FALSE,TRUE,TRUE,TRUE,FALSE,The tub leaked water.,It annoys me that Fido barks.,I'll work on it if I can.,An evil thought struck Dave.,John lay the ball in the box.
3OF2M9AATR9EDB707N3R3LH9MQBKZ1,TRUE,FALSE,TRUE,TRUE,FALSE,FALSE,FALSE,FALSE,TRUE,TRUE,TRUE,FALSE,The tub leaked water.,It annoys me that Fido barks.,I'll work on it if I can.,An evil thought struck Dave.,John lay the ball in the box.
3OONKJ5DKN41L4PZZ1FHOKRFFS0BO7,TRUE,FALSE,TRUE,TRUE,FALSE,FALSE,FALSE,FALSE,TRUE,TRUE,TRUE,FALSE,The tub leaked water.,It annoys me that Fido barks.,I'll work on it if I can.,An evil thought struck Dave.,John la the ball in the box.
3OVR4I9US04KLHH6ZZXY5BG9L204Q4,TRUE,FALSE,TRUE,TRUE,FALSE,FALSE,FALSE,FALSE,TRUE,TRUE,TRUE,FALSE,The tub leaked water.,It annoys me that Fido barks,I'll work on it if I can,An evil thought struck Dave,John lay the ball in the box
3PEIJLRY64EG3G12VJY9UBVT1XJXWA,TRUE,FALSE,TRUE,TRUE,FALSE,FALSE,FALSE,FALSE,TRUE,TRUE,TRUE,FALSE,The tub leaked water.,It annoys me that Fido barks.,I'll work on it if I can.,An evil though stuck Dave.,John lay the ball in the box.
3PEIJLRY64EG3G12VJY9UBVT20XWXU,TRUE,FALSE,TRUE,TRUE,FALSE,FALSE,FALSE,FALSE,TRUE,TRUE,TRUE,FALSE,The tub leaked water,It annoys me that Fido barks.,I'll work on it if I can.,An evil thought struck Dave.,John lay the ball in the box.
3PMBY0YE2IOHOMDZBCSU2E283F0C9Q,TRUE,FALSE,TRUE,TRUE,FALSE,FALSE,FALSE,FALSE,TRUE,TRUE,TRUE,FALSE,The tub leaked water.,It annoys me that Fido barks.,I'll work on it if i can.,An evil thought struck Dave.,John lay the ball in the box.
3PXX5PX6L8JCJ0VYPIAZNP7AQBPAB0,TRUE,FALSE,TRUE,TRUE,FALSE,FALSE,FALSE,FALSE,TRUE,TRUE,TRUE,FALSE,The tub leaked water,It annoys me that Fido barks,I'll work on it if I can,An evil thought struck Dave,John lay the ball in the box
3PZDLQMM0466O2S0Q3DFSRUUX982C6,FALSE,FALSE,TRUE,FALSE,TRUE,TRUE,FALSE,FALSE,TRUE,FALSE,TRUE,TRUE,The tub leaked water.,It annoys me that Fido barks.,I'll work on it if I can.,An evil thought struck Dave.,john lay the ball in the box.
3QHK8ZVMIX3TFJM2M9ZPW3NLL3ZLB1,TRUE,FALSE,TRUE,TRUE,FALSE,FALSE,FALSE,FALSE,TRUE,TRUE,TRUE,FALSE,The tub leaked water.,It annoys me that Fido barks.,I'll work on it if I can.,An evil thought struck Dave.,John lay the ball in the Box.
3QUO65DNQ59GH3Y5ZSWCTAJ34DPUOP,TRUE,FALSE,TRUE,TRUE,FALSE,FALSE,FALSE,FALSE,FALSE,TRUE,FALSE,FALSE,The tube leaked water.,It annoys me that Fido barks.,I'll work on it if I can.,An evil thought struck Dave.,John lay the ball in the box.
3R08VXYT7NGMO1VBD6UB0CI5Z47W7H,TRUE,FALSE,TRUE,TRUE,FALSE,FALSE,FALSE,FALSE,TRUE,TRUE,TRUE,FALSE,The tub leaked water.,It annoys me that Fido barks.,I'll work on it if I can.,An evil thought struck Dave.,John lay the ball in the box.
3R0T90IZ13XW3W07PIY4UVOV6R2CGL,FALSE,FALSE,TRUE,TRUE,FALSE,FALSE,FALSE,FALSE,TRUE,TRUE,TRUE,FALSE,The tub leaked water.,It annoys me that Fido barks.,I'll work on it if I can.,An evil thought struck Dave.,John lay the ball in the box.
3R0T90IZ13XW3W07PIY4UVOV7SSCGE,TRUE,FALSE,TRUE,TRUE,FALSE,FALSE,FALSE,FALSE,TRUE,TRUE,TRUE,FALSE,The tub leaked water.,It annoys me that Fido barks.,I'll work on it if I can.,An evil thought struck Dave.,John lay the ball in the box.
3R6P78PK7VWDPD2IB4TUJ5OZUD2GT8,TRUE,FALSE,TRUE,TRUE,FALSE,FALSE,FALSE,FALSE,TRUE,TRUE,FALSE,FALSE,The tub leaked water.,It annoys me that Fido barks.,I'll work on it if I can.,An evil thought struck Dave.,John lay the ball in the box.
3R9WASFE2A13XPFM6CCUN8P4FV0FZ3,TRUE,TRUE,TRUE,FALSE,FALSE,TRUE,FALSE,TRUE,FALSE,FALSE,TRUE,FALSE,The tub leaked water,It annoys me that Fido barks,I'll work on it if I can,An evil thought struck Dave,John iay the ball in the box
3RU7GD8VPZEINQI2PNER3965UM2PSQ,TRUE,FALSE,TRUE,TRUE,FALSE,FALSE,FALSE,FALSE,TRUE,TRUE,TRUE,FALSE,The tub leaked water.,It annoys me that Fido barks.,I'll work on it if I can.,An evil thought struck Dave.,John lay the ball in the box.
3RUIQRXJBM95SS8EDMOJA6JQXLLLL8,TRUE,FALSE,TRUE,TRUE,FALSE,FALSE,FALSE,FALSE,TRUE,TRUE,TRUE,FALSE,The tub leaked water.,It annoys me that Fido barks.,I'll work on it if I can.,An evil thought struck Dave.,John lay the ball in the box.
3RYC5T2D7EE6MBIPAYEMDZ197JRPR7,TRUE,FALSE,TRUE,TRUE,FALSE,FALSE,FALSE,FALSE,TRUE,TRUE,FALSE,FALSE,The tub leaked water.,It annoys me that Fido barks.,I'll work on it if I can.,An evil thought struck Dave.,John lay the ball in the box.
3RYC5T2D7EE6MBIPAYEMDZ197JYRPG,TRUE,FALSE,FALSE,FALSE,FALSE,FALSE,FALSE,FALSE,TRUE,FALSE,FALSE,FALSE,The tub leaked water.,It annoys me that Fido barks.,I'll work on it if I can,An evil thought struck Dave.,John lay the ball in the box.
3S3AMIZX35QTRCQGNSXWOALYU2CCD8,TRUE,FALSE,TRUE,TRUE,FALSE,FALSE,FALSE,FALSE,TRUE,TRUE,TRUE,FALSE,The tub leaked water.,It annoys me that Fido barks.,I'll work on it if I can.,An evil thought struck Dave.,John lay the ball in the box.
3S3AMIZX35QTRCQGNSXWOALYUDICD0,TRUE,FALSE,TRUE,TRUE,FALSE,FALSE,FALSE,FALSE,TRUE,TRUE,TRUE,FALSE,Teh tub leaked water.,It annoys me that Fido barks.,I'll work on it if I can.,An evil thought struck Dave.,John lay the ball in the box.
3SB5N7Y3OEPC945RD25KZUMUX250GG,TRUE,FALSE,TRUE,TRUE,FALSE,FALSE,FALSE,FALSE,TRUE,TRUE,TRUE,FALSE,The tub leaked water.,It annoys me that Fido barks.,I'll work on it if I can.,An evil thought struck Dave.,John lay the ball in the box.
3SITXWYCN6UOFD3R0S2D7XI8S6YBXQ,TRUE,FALSE,TRUE,TRUE,FALSE,FALSE,FALSE,FALSE,TRUE,TRUE,FALSE,FALSE,The tub leaded water.,It annoys me that Fido barks.,I'll work on it if I can.,An evil thought struck Dave.,John lay the ball in the box.
3STRJBFXO7CIRZY11VE9HXGS2VZKTY,TRUE,FALSE,TRUE,TRUE,FALSE,FALSE,FALSE,FALSE,TRUE,TRUE,TRUE,FALSE,The tub leaked water,It annoys me that Fido barks.,I'll work on it if I can.,An evil thought struck Dave.,John lay the ball in the box.
3TPZPLC3MBXE39XNZ8DQV1YT15L3PR,TRUE,FALSE,TRUE,TRUE,FALSE,FALSE,FALSE,FALSE,TRUE,TRUE,TRUE,FALSE,The tub leaked water.,It annoys me that Fido barks.,I'll work on it if I can.,An evil thought struck Dave.,John lay the ball in the box.
3TYCR1GOTN4PXHPISNFSILUOBQALZZ,TRUE,FALSE,TRUE,TRUE,FALSE,FALSE,FALSE,FALSE,TRUE,TRUE,FALSE,FALSE,The tub leaked water.,It annoys me that Fido barks.,I'll work on it if i can.,An evil thought struck Dave.,John lay the ball in the box.
3U84XHCDINYTZ9IXMVGBW4SDP4LZ4Q,TRUE,FALSE,TRUE,TRUE,FALSE,FALSE,FALSE,FALSE,TRUE,TRUE,FALSE,FALSE,The tub leaked water.,It annoys me that Fido barks.,I'll work on it if I can.,An evil thought struck Dave.,John lay the ball in the box.
3U8YCDAGX013MTZ5GYAWT8QW3PDQ00,TRUE,FALSE,TRUE,TRUE,FALSE,FALSE,FALSE,FALSE,TRUE,TRUE,TRUE,FALSE,The tub leaked water.,It annoys me that Fido barks.,I'll work on it if I can.,An evil thought struck Dave.,John lay the ball in the box.
3U8YCDAGX013MTZ5GYAWT8QW3PI0QF,TRUE,FALSE,TRUE,TRUE,FALSE,FALSE,FALSE,FALSE,TRUE,TRUE,TRUE,FALSE,The tub leaked water.,It annoys me that Fido barks.,I'll work on it if I can.,An evil thought struck Dave.,John lay the ball in the box.
3UOUJI6MTOZ3BCCX0JJ8CNAWGH4XU7,TRUE,FALSE,TRUE,TRUE,FALSE,FALSE,FALSE,FALSE,TRUE,TRUE,FALSE,FALSE,The tub leaked water.,It annoys me that Fido barks.,I'll work on it if I can.,An evil thought struck Dave.,John lay the ball in the box.
3UOUJI6MTOZ3BCCX0JJ8CNAWHI6XUC,TRUE,FALSE,TRUE,TRUE,FALSE,FALSE,FALSE,FALSE,TRUE,TRUE,FALSE,FALSE,The tub leaked water,It annoys me that Fido baks.,I'll work on it if I can.,An evil thought stuck Dave.,John lay the ball in the box.
3URFVVM16G3SG7CC117T98Q7PI5ZUC,TRUE,FALSE,TRUE,TRUE,FALSE,FALSE,FALSE,FALSE,TRUE,TRUE,TRUE,FALSE,The tub leaked water.,It annoys me that Fido barks.,I'll work on it if I can.,An evil thought struck Dave.,John lay the ball in the box.
3V26SBZTBOZ9266M7O61Q05MR7BZZ6,TRUE,FALSE,TRUE,TRUE,FALSE,FALSE,FALSE,FALSE,TRUE,TRUE,FALSE,FALSE,The tub leaked water.,It annoys me that Fido barks.,I'll work on it if I can.,An evil thought struck Dave.,John lay the ball in the box.
3VFJCI1K4AK09YPQ7FOZJQNH7T8GR1,TRUE,FALSE,TRUE,TRUE,FALSE,FALSE,FALSE,FALSE,TRUE,TRUE,TRUE,FALSE,The tub leaked water.,It annoys me that Fido barks.,I'll work on it if I can.,An evil thought struck Dave.,John lay the ball in the box.
3VFJCI1K4AK09YPQ7FOZJQNH7VFRGN,TRUE,FALSE,TRUE,TRUE,FALSE,FALSE,FALSE,FALSE,TRUE,TRUE,TRUE,FALSE,The tub leaked water,It annoys me that Fido barks.,I'll work on it if I can.,An evil thought struck Dave,John lay the ball in the box
3VSOLARPKMUTBMHGIJHT9BYEW1V93U,TRUE,FALSE,TRUE,TRUE,FALSE,FALSE,FALSE,FALSE,TRUE,TRUE,TRUE,FALSE,The tub leaked water.,It annoys me that Fido barks.,I'll work on it if I can.,An evil thought struck Dave.,John lay the ball in the box.
3W2LOLRXLM05BKL9X69EHIFAD9LRK8,TRUE,FALSE,TRUE,TRUE,FALSE,FALSE,FALSE,FALSE,TRUE,TRUE,TRUE,FALSE,The tub leaked water.,It annoys me that Fido barks.,I'll work on it if I can.,An evil thought struck Dave.,John lay the ball in the box.
3W2LOLRXLM05BKL9X69EHIFAEBBKRW,TRUE,FALSE,FALSE,FALSE,FALSE,FALSE,FALSE,FALSE,TRUE,FALSE,FALSE,FALSE,The tub leaked water.,It annoys me that Fido barks.,I'll work on it if I can.,An evil thought struck Dave.,John lay the ball in the box.
3WAKVUDHU719WX66I6FAIOX8FR4U7V,TRUE,FALSE,TRUE,TRUE,FALSE,FALSE,FALSE,FALSE,TRUE,TRUE,TRUE,FALSE,The tub leaked water.,It annoys me that Fido barks.,I'll work on it if I can.,An evil though struck Dave.,John lay the ball in the box.
3WEV0KO0OXD9YTFCKENW3FPGG3ZDS0,TRUE,FALSE,TRUE,TRUE,FALSE,FALSE,FALSE,FALSE,TRUE,TRUE,TRUE,FALSE,The tub leaked water.,It annoys me that Fido barks.,I'll work on it if I can.,An evil thought struck Dave.,John lay the ball in the box.
3WI0P0II6CDXXEFZ5PNRD5KKT0WRD3,TRUE,FALSE,TRUE,TRUE,FALSE,FALSE,FALSE,FALSE,TRUE,TRUE,TRUE,FALSE,The tub leaked water.,It annoys me that Fido barks.,I'll work on it if I can.,An evil thought struck Dave.,John lay the ball in the box.
3WI0P0II6CDXXEFZ5PNRD5KKU7BRDX,TRUE,FALSE,TRUE,TRUE,FALSE,FALSE,FALSE,FALSE,FALSE,TRUE,TRUE,FALSE,The tub leaked water.,It annoys me that fido barks.,I'll work on it if I can .,An evil thought struck Dave.,John lay the ball in the box.
3WJ1OXY92L1TH2XRM6QPWNH9I5T8AO,TRUE,FALSE,TRUE,TRUE,FALSE,FALSE,FALSE,FALSE,TRUE,TRUE,TRUE,FALSE,The tub leaked water.,It annoys me that Fido barks.,I'll work on it if I can.,An evil thought struck Dave.,John lay the ball in the box.
3WJEQKOXAJNB62D6NLHAHDU14ZYA1H,TRUE,FALSE,TRUE,TRUE,FALSE,FALSE,FALSE,FALSE,TRUE,TRUE,TRUE,FALSE,The tub leaked water.,It annoys me that Fido barks.,I'll work on it if I can.,An evil thought struck Dave.,John laid the ball in the box.
3WLEIWSYHZ2X5A3GCVRG3IRAA642HG,TRUE,FALSE,TRUE,FALSE,FALSE,FALSE,FALSE,FALSE,TRUE,FALSE,FALSE,FALSE,The tub leaked water.,It annoys me that Fido barks.,I'll work on it if I can.,An evil thought struck Dave.,John lay the ball in the box.
3WMINLGALMOVT5N43I6UY9DS9Z3ACS,TRUE,FALSE,TRUE,TRUE,FALSE,FALSE,FALSE,FALSE,TRUE,TRUE,TRUE,FALSE,The tub leaked water.,It annoys me that Fido barks.,I'll work on it if I can.,An evil thought struck Dave.,John lay the ball in the box.
3WQQ9FUS6LFY0C2JSKQLRY1F1O1B8C,FALSE,FALSE,TRUE,TRUE,TRUE,FALSE,FALSE,FALSE,FALSE,FALSE,TRUE,FALSE,the water leaked tub.,it that me annoys fido barks,if i can will work on it.,an stuck thoght evil dave.,john  ball lay in the bax.
3WS1NTTKE9X6V49W2IZ2H9MIWN50FH,TRUE,FALSE,TRUE,TRUE,FALSE,FALSE,FALSE,FALSE,TRUE,TRUE,FALSE,FALSE,The tub leaked water.,It annoys me that Fido barks.,I'll work on it if I can.,An evil thought struck Dave.,John lay the ball in the box.
3WYP994K1IC796C69X77FV3PF1R6YV,TRUE,FALSE,TRUE,TRUE,FALSE,FALSE,FALSE,FALSE,TRUE,TRUE,TRUE,FALSE,The tub leaked water,It annoys me that Fido barks,I'll work on it if I can,An evil thought struck Dave,John lay the ball in the box
3X0H8UUITC987ZF319SMV3E1NJIWS5,TRUE,FALSE,TRUE,TRUE,FALSE,FALSE,FALSE,FALSE,TRUE,TRUE,TRUE,FALSE,The tube leaked water.,It annoys me that Fibo barks.,I'll work on it if I can.,An evil thought struck Dave.,John lay the ball in the box.
3X0H8UUITC987ZF319SMV3E1NLRSWE,TRUE,FALSE,TRUE,TRUE,FALSE,FALSE,FALSE,FALSE,TRUE,TRUE,FALSE,FALSE,The tub leaked water.,It annoys me that Fido barks.,I'll work on it if I can.,An evil thought struck Dave.,John lay the ball in the box.
3XCC1ODXDWWRMNJ4ABTBD4RJCFIQR4,TRUE,FALSE,TRUE,TRUE,FALSE,FALSE,FALSE,FALSE,TRUE,TRUE,TRUE,FALSE,The tub leaked water.,It annoys me that Fido barks.,I'll work on it if I can.,An evil thought struck Dave.,John lay the ball in the box.
3XXU1SWE8XGBZDSOR2DA38BR08UA0J,TRUE,FALSE,TRUE,TRUE,FALSE,FALSE,FALSE,FALSE,TRUE,TRUE,TRUE,FALSE,The tub leaked water.,It annoys me that Fido barks.,I'll work on it if I can.,An evil thought struck Dave.,John lay the ball in the box.
3Y4W8Q93LA5PQLWGE9S1E29NF7DVD7,FALSE,FALSE,FALSE,FALSE,TRUE,TRUE,FALSE,TRUE,TRUE,FALSE,TRUE,FALSE,the water leaked tub.,it that me annoys fido barks,if i can will work on it.,an stuck thoght evil dave.,john  ball lay in the bax.
3Y4W8Q93LA5PQLWGE9S1E29NF89VD5,TRUE,FALSE,TRUE,TRUE,FALSE,FALSE,FALSE,FALSE,FALSE,TRUE,TRUE,FALSE,The tub leaked water,It annoys me that Fido barks,I'll work on it if I can,An evil thought struck Dave,John lay the ball in the box
3Y9N9SS8L9W5ECUXUZMVV7H4NMA3D5,TRUE,FALSE,TRUE,TRUE,FALSE,FALSE,FALSE,FALSE,TRUE,TRUE,TRUE,FALSE,The tub leaked water.,It annoys me that Fido barks.,I'll work on it if I can.,An evil thought struck Dave.,John lay the ball in the box.
3YDTZAI2W81W4DXPEK7J4A81CP214X,TRUE,FALSE,TRUE,TRUE,FALSE,FALSE,FALSE,FALSE,TRUE,TRUE,TRUE,FALSE,The tub leaked water.,It annoys me that Fido barks.,I'll work on it if I can.,An evil thought struck Dave.,John lay the ball in the box.
3YGXWBAF7B2GRG7NUHW3L6RSGMT4CQ,TRUE,FALSE,TRUE,TRUE,FALSE,FALSE,FALSE,FALSE,TRUE,TRUE,TRUE,FALSE,The tub leaked water.,It annoys me that Fido barks.,I'll work on it if I can.,An evil thought struck Dave.,John lay the ball in the box.
3YHH42UU5M0SVWJSOT20CMR2UN50L9,TRUE,FALSE,TRUE,TRUE,FALSE,FALSE,FALSE,FALSE,TRUE,TRUE,TRUE,FALSE,The tub leaked water.,It annoys me that Fido barks.,I'll work on it if I can.,An evil thought struck Dave.,John lay the ball in the box.
3YHH42UU5M0SVWJSOT20CMR2UYW0LM,TRUE,FALSE,TRUE,TRUE,FALSE,FALSE,FALSE,FALSE,TRUE,TRUE,TRUE,FALSE,The tub leaked water.,It annoys me that Fido barks.,I'll work on it if I can.,An evil thought struck Dave.,John lay the ball in the box.
3YMTUJH0D31XDX9YG3RTAGRW48ST4X,TRUE,FALSE,TRUE,TRUE,FALSE,FALSE,FALSE,FALSE,TRUE,TRUE,TRUE,FALSE,The tub leaked water.,It annoys me that Fido barks.,I'll work on it if I can.,An evil thought struck Dave.,John lay the ball in the box.
3Z2R0DQ0JSZLL0CEMUJAIFUXILUE2K,TRUE,FALSE,TRUE,TRUE,FALSE,FALSE,FALSE,FALSE,TRUE,TRUE,FALSE,FALSE,The tub leaked water.,It annoys me that Fido barks.,I'll work on it if I can.,An evil thought struck Dave.,John lay the ball in the box.
3Z3ZLGNNSTFZ3LY2ZLSFV6O37H9Q34,TRUE,FALSE,TRUE,TRUE,FALSE,FALSE,FALSE,FALSE,TRUE,TRUE,TRUE,FALSE,The tub leaked water.,It annoys me that Fido barks.,I'll work on it if I can.,An evil thought struck Dave.,John lay the ball in the box.
3Z4XG4ZF4JC5DF5KXGI3GVS7KT08XX,TRUE,FALSE,TRUE,TRUE,FALSE,FALSE,FALSE,FALSE,TRUE,TRUE,TRUE,FALSE,The tub leaked water.,It annoys me that Fido barks.,I'll work on it if I can.,An evil thought struck Dave.,John lay the ball in the box.
3Z7EFSHGNKZ7PIVXESY8IHOQAIKXCN,TRUE,FALSE,TRUE,TRUE,FALSE,FALSE,FALSE,FALSE,TRUE,TRUE,TRUE,FALSE,The tub leaked water.,It annoys me that Fido barks.,I'll work on it if I can.,An evil thought struck Dave.,John lay the ball in the box.
3Z7EFSHGNKZ7PIVXESY8IHOQAMDCX3,TRUE,FALSE,TRUE,TRUE,FALSE,FALSE,FALSE,FALSE,TRUE,TRUE,TRUE,FALSE,The tub leaked water.,It annoys me that Fido barks.,I'll work on it if I can.,An evil thought struck Dave.,John lay the ball in the box.
3ZPPDN2SL6HWLKXD73YPS22BNQN9EN,TRUE,FALSE,TRUE,TRUE,FALSE,FALSE,FALSE,FALSE,TRUE,TRUE,TRUE,FALSE,The tub leaked water.,It annoys me that Fido barks.,I'll work on it if I can.,An evil thought struck Dave.,John lay the ball in the box.
3ZV9H2YQQOS4NIUOBURLNV6PU2G3WE,TRUE,FALSE,TRUE,TRUE,FALSE,FALSE,FALSE,FALSE,TRUE,TRUE,TRUE,FALSE,The tub leaked water.,It annoys me that Fido barks.,I'll work on it if I can.,An evil thought struck Dave.,John lay the ball in the box.